pressure,current,label
2.100570443845861,15.158189554780344,0
2.2643217021127002,15.191843520786191,0
2.070986401620832,14.9279639120349,0
2.217729627277932,15.492711584865836,0
2.139015466919707,14.84699693165599,0
2.0423534403358086,14.857451775753916,0
1.923004573019651,15.092693262857471,0
1.9979093143207918,14.459491372532314,0
2.101940462665914,14.677167904654416,0
1.9390535819229675,14.72492283675267,0
2.11918060397545,15.465224883547847,0
1.965057337990533,15.033414280427012,0
2.095474778533711,14.826973312391772,0
2.1039898311095375,14.632972285826472,0
2.055241163512427,14.812600165786082,0
2.2611072649416437,14.794103090914918,0
1.9980466533492802,15.004692168862963,0
2.0056894887815373,15.27035879211196,0
1.917626724345509,15.082623220758496,0
2.081875069836969,14.578473960953605,0
2.13704611326782,15.231988362324092,0
2.067859243608722,14.965992277602508,0
1.989648025847492,14.538715133368518,0
2.1886776746712155,14.845431643030048,0
1.9402670650337268,15.123555648271545,0
2.0720543219614878,15.105709236627652,0
2.1398692927048275,14.78083435549215,0
2.2181800372914626,15.318025742453308,0
2.046907075263758,14.737330365005748,0
2.202922044138615,15.09645422331878,0
2.068810676180935,14.850098700721508,0
1.9542774157144283,14.660403576378748,0
2.2528998190187735,15.245363659129758,0
2.1943663859926468,14.96873662423251,0
2.048128649114782,15.119782502007084,0
2.257780885722839,15.101215119989762,0
2.249261364209161,14.975422310159262,0
2.105891493347977,14.164899544576178,0
2.0737118079960712,15.03004942297507,0
1.911682588061317,15.045841647146275,0
2.128170671431632,14.92753382082544,0
2.0914324186659625,15.471573220402082,0
2.0292726876719387,14.748673493527882,0
2.1570933853263363,15.286587182216355,0
2.134521560338569,14.828187830836843,0
2.195730177763378,15.022483158464393,0
2.04895946479793,14.780846274285775,0
1.9485195012198095,14.88844500438218,0
2.133326359468276,15.091396713991356,0
2.077614041566242,15.003603395001223,0
2.020142212066278,14.556143925701113,0
2.0133984350090293,14.898458342217547,0
2.134306213625319,14.945592958473437,0
2.1693532980029597,15.594771681981461,0
2.1000312295994403,15.082045923303578,0
2.043957495842746,14.39367352904992,0
2.3382361640835274,14.998175916661468,0
2.1235959182704423,14.936637833208897,0
1.9867984797906435,14.998925841406344,0
2.2040741654119413,15.354893759318585,0
2.0347215199527873,15.257759052009492,0
2.004484109455779,15.455317068809881,0
2.3267217803763067,15.16696071966043,0
2.0179990997271244,14.691673844523088,0
2.0544271529564537,15.035765672631404,0
2.0633511996601546,14.509232365273633,0
2.1158638149647215,14.660179253316194,0
2.2232136285054067,14.696228861633802,0
2.0472334201347366,14.75513029189207,0
2.004475459866939,15.267589883860413,0
2.231872859072444,15.060831813085889,0
2.072913878559528,14.490287689208017,0
2.1823278437738227,15.075530614015504,0
1.93870346662206,14.62016647261669,0
2.143072836077575,15.162477732611803,0
2.140254937260175,15.076249951297967,0
2.103345021792588,14.783067258569297,0
2.0395684171816852,15.098694975674784,0
2.197523117611428,15.58578465210435,0
2.12983787662324,14.617850890223384,0
2.148412911274502,14.68522254979155,0
2.053488146405495,15.373199842468647,0
2.1665007085979773,15.301040719508308,0
2.3050775255373095,15.243799104321582,0
2.0207735755198866,14.928813466208334,0
1.9968537543420737,14.725721688414588,0
2.130612823094867,14.972737481401367,0
2.187152632818464,15.0804596615996,0
2.239952325967335,14.991798618576793,0
2.3538520929262594,14.893298294496315,0
2.035126963495472,15.205042546969098,0
2.1164771429699654,14.657389001994192,0
2.1623386329726384,14.92331261533322,0
2.106199980336679,15.150214048950378,0
1.930912968450012,14.745147175012185,0
2.169795022565188,14.85159651620685,0
1.9863347839040955,15.078229531590473,0
2.1418322364603597,15.051481322693563,0
2.09012059312849,14.719297958960807,0
1.9918579841595105,15.028081592538774,0
2.1638301002917695,15.108351848281098,0
2.2313976309280266,15.33344227290235,0
1.9715261032484523,14.572442393218909,0
2.163700748473852,15.158458241256062,0
2.484355999070798,15.130181225098786,0
2.224970495520269,15.170848395547683,0
2.1891542371352952,15.296056313636463,0
2.164097587221707,14.893910393440922,0
2.0557104440403187,14.757704747224484,0
2.09433059955177,14.845876159884236,0
1.985211372507724,15.747512479232858,0
1.964256443192446,15.230596407279124,0
2.191419448461388,14.841592147120231,0
1.9982911734284452,15.029448355985835,0
2.1453220150461383,14.76812605168594,0
2.100424585803039,14.767287245150975,0
2.0386942676607007,15.019924980099042,0
2.2206524508728567,15.67236210434726,0
2.061444165197596,14.358244170850348,0
2.163412328832164,14.783579697442903,0
2.066885457539605,14.75044467160446,0
2.1972218950700744,15.152300741146595,0
2.034411414892856,14.623402358991926,0
2.0240159699592115,14.855396702306969,0
2.1881140300799,15.554655149884525,0
2.152992629641234,14.59364222447368,0
2.258319294906297,15.662098944356513,0
2.011135932762447,14.523806880618972,0
2.067361200369331,15.40648272315316,0
2.1867657076150375,15.133736506079662,0
2.068440235049548,14.707488192078443,0
1.911255088973328,13.984065588148376,0
1.9731276954955497,14.930728343338883,0
2.0081690857059926,15.52814190633784,0
2.1002869941042697,14.859788263947056,0
2.0022906741523934,15.467768899202127,0
2.133412285888987,15.367606035881803,0
2.1170130801534315,14.685817040741298,0
2.0479081820876504,15.06800946898764,0
2.0649426082096407,15.025329052748521,0
2.1667524917838734,15.030276196232789,0
2.025345559142559,15.511846940297858,0
1.9720016556659896,15.690816605822015,0
2.152267073888082,14.947035499343942,0
2.0480333741696986,15.094099829759806,0
2.04685221623285,14.938385306597384,0
2.165159583034282,14.806497216486342,0
2.0434103394066345,15.11872666446978,0
2.154592712695102,15.281773562689425,0
2.18312924879601,15.251624379949345,0
2.023090362978166,14.742687557552053,0
2.1794516744105867,15.23106035486338,0
2.110684763249149,14.992398941476583,0
2.0788104733175263,15.408898783111011,0
2.095835806875031,15.174657888862539,0
2.199451739560097,14.921881191987723,0
2.2011382185023995,15.254035477423049,0
2.138414466561336,15.412502632939315,0
2.089216771629133,15.21820306109043,0
2.096539651633925,15.103575938262118,0
2.1598600681442406,15.02562081974443,0
2.2781295741680805,14.723626164885138,0
1.9553474213381117,14.692267711030112,0
2.208315833062407,15.359390022474914,0
2.177743779490518,15.191971106788126,0
2.0134909269287142,15.003728384039322,0
2.037082390170477,15.029698480377313,0
2.1130641763843006,15.309494883631816,0
2.046120528335839,14.741770666088522,0
2.0573755603632846,15.135308302219045,0
2.1004785541260063,14.738020328692606,0
2.0581456070551596,15.08173125909666,0
2.1091520939865833,14.849132581675551,0
1.9244612473411273,14.554161062640114,0
2.0594710844498763,14.77469740080662,0
2.2503537616151186,15.085786031887409,0
2.108552294625613,15.272473165225128,0
2.0031921309412106,15.00248015023172,0
2.0717625757733633,14.99659267774657,0
2.029554603588558,15.10902262016402,0
2.2616758728493465,15.151190534193864,0
2.135546012905345,14.962216853311718,0
2.0807104210089986,15.221562739845004,0
2.1074571129438975,15.070732182969895,0
2.028487430414815,15.037424222602167,0
2.148508512200288,15.003529960433408,0
2.232581934727297,15.450602219333017,0
2.0863396910392105,15.687151243492018,0
2.141927921760018,15.274200127765434,0
2.0834279935678612,15.699074353520762,0
2.0190256159136406,14.739628775817815,0
1.9902940131706008,14.333059319321865,0
2.0932780563605853,14.758753461730953,0
2.2897059744471298,15.092142747222253,0
2.0710954502444507,15.305328965060088,0
2.122193123609584,14.711831697417953,0
2.2390750149753917,14.56714289113974,0
2.0878261678806207,15.376811831268503,0
2.1822558354661608,14.446986326953887,0
2.215679993570867,14.953307984202405,0
1.7,18.0,1
